ID,Name,PatientName,Status,EmployeeName,Location,Date,Time
6719,Lisinopril,test,Kody,test,Ordered,2022-04-13,12:57:07
test,test,N/A,N/A,N/A,N/A,N/A,N/A
9359,Advil,uPATI05C1,test1,test,Ordered,2022-04-12,23:44:19
testing,for real,N/A,N/A,N/A,N/A,N/A,N/A
2043,Advil,test,Kody,test,Ordered,2022-04-13,12:57:07
3000,Alprozalam,test,Kody,test,Ordered,2022-04-13,12:57:07
4655,Atorvastatin,test,Kody,test,Ordered,2022-04-13,12:57:07
8812,Amphetamine Salt,test,Kody,test,Ordered,2022-04-13,12:57:07
131,Metformin,test,Kody,test,Ordered,2022-04-13,12:57:07
